{"cameraMode":{"drawMode":0,"name":"Shaded","section":"Shading Mode"},"sceneLighting":true,"audioPlay":false,"sceneViewState":{"showFog":false,"showMaterialUpdate":false,"showSkybox":true,"showFlares":true,"showImageEffects":true,"showParticleSystems":true},"in2DMode":false,"pivot":{"x":-0.9317061305046082,"y":14.903464317321778,"z":7.665501594543457},"rotation":{"x":0.009147271513938904,"y":0.8015185594558716,"z":-0.5977752804756165,"w":0.0122647974640131},"size":7.244753360748291,"orthographic":false}